BUSLVFLX1,485866.6585,1098855.634
BUSLVFLX2,486061.4502,1097810.074
BUSLVFLX3,486342.7292,1099170.557
BUSLVFLX4,486062.1208,1097519.955
BUSLVFLX5,486151.4325109465,1098234.0729496684
BUSLVFLX6,485804.5225,1098635.8
BUSLVFLX7,485805.1996,1099045.223
BUSLVFLX8,485775.5577,1098857.604
BUSLVFLX9,485783.5475,1098881.35
BUSLVFLX10,485702.3867,1098815.562
BUSLVFLX11,485689.1797,1098968.117
BUSLVFLX12,485964.9043,1098782.83
BUSLVFLX13,486038.3889,1098858.175
BUSLVFLX14,486063.302,1099066.027
BUSLVFLX15,486095.5559,1099260.244
BUSLVFLX16,486219.4005,1099060.644
BUSLVFLX17,485954.0672,1098410.116
BUSLVFLX18,485997.2532,1098471.917
BUSLVFLX19,486040.295,1098511.047
BUSLVFLX20,486086.9964,1098553.831
BUSLVFLX21,485676.5214,1098490.194
BUSLVFLX22,485724.9402,1098495.511
BUSLVFLX23,485716.5278,1098569.562
BUSLVFLX24,486161.8288,1097752.367
BUSLVFLX25,486492.9683,1099233.542
BUSLVFLX26,486546.7522,1099292.274
BUSLVFLX27,485974.6135,1098192.492
BUSLVFLX28,486059.2596,1097518.803
BUSLVFLX29,485830.3691,1097972.147
BUSLVFLX30,485807.3222,1098074.025
BUSLVFLX31,485815.5831,1098909.09
BUSLVFLX32,485890.0006,1098703.025
BUSLVFLX33,486053.7791,1097519.792
BUSLVFLX34,486066.7239,1097519.912
BUSLVFLX35,486052.7345,1097798.667
BUSLVFLX36,485919.0967,1097885.557
BUSLVFLX37,485824.8951,1097961.165
BUSLVFLX38,485694.8621,1097997.525
BUSLVFLX39,485906.0363,1098338.799
BUSLVFLX40,485934.5911,1098315.418
BUSLVFLX41,485871.2518,1098348.465
BUSLVFLX42,485882.7925,1098357.347
BUSLVFLX43,485822.9515,1098389.008
BUSLVFLX44,485828.9236,1098400.455
BUSLVFLX45,485824.227,1098404.254
BUSLVFLX46,485820.8051,1098407.021
BUSLVFLX47,485819.0223,1098408.463
BUSLVFLX48,485817.1065,1098410.012
BUSLVFLX49,485829.7635,1098410.948
BUSLVFLX50,485830.8657,1098408.288
BUSLVFLX51,485833.2473,1098410.932
BUSLVFLX52,485814.2513,1098412.321
BUSLVFLX53,485824.9064,1098412.596
BUSLVFLX54,485832.4303,1098413.345
BUSLVFLX55,485829.7667,1098413.556
BUSLVFLX56,485822.6282,1098413.822
BUSLVFLX57,485800.4615,1098399.221
BUSLVFLX58,485812.0169,1098414.128
BUSLVFLX59,485820.6483,1098415.176
BUSLVFLX60,485818.2616,1098416.72
BUSLVFLX61,485799.4308,1098411.507
BUSLVFLX62,485804.2473,1098421.313
BUSLVFLX63,485799.7125,1098425.237
BUSLVFLX64,485790.2587,1098418.331
BUSLVFLX65,485795.4561,1098428.92
BUSLVFLX66,485791.386,1098432.442
BUSLVFLX67,485806.8256,1098432.989
BUSLVFLX68,485782.0613,1098426.267
BUSLVFLX69,485787.443,1098435.854
BUSLVFLX70,485765.7403,1098437.053
BUSLVFLX71,485769.1599,1098437.82
BUSLVFLX72,485768.2172,1098434.812
BUSLVFLX73,485784.5477,1098438.359
BUSLVFLX74,485798.9584,1098440.446
BUSLVFLX75,485771.6348,1098430.45
BUSLVFLX76,485779.1515,1098443.028
BUSLVFLX77,485777.9658,1098444.054
BUSLVFLX78,485791.7107,1098445.29
BUSLVFLX79,485775.3588,1098446.31
BUSLVFLX80,485782.9022,1098449.705
BUSLVFLX81,485771.1867,1098449.92
BUSLVFLX82,485764.273,1098439.497
BUSLVFLX83,485770.2684,1098450.714
BUSLVFLX84,485774.9662,1098456.181
BUSLVFLX85,485762.4694,1098457.228
BUSLVFLX86,485753.8498,1098446.879
BUSLVFLX87,485760.1349,1098459.096
BUSLVFLX88,485768.3302,1098464.787
BUSLVFLX89,485746.7654,1098455.231
BUSLVFLX90,485751.8599,1098465.661
BUSLVFLX91,485738.7879,1098476.031
BUSLVFLX92,485734.2892,1098461.116
BUSLVFLX93,485737.0864,1098477.381
BUSLVFLX94,485680.5068,1098479.032
BUSLVFLX95,485679.5128,1098478.924
BUSLVFLX96,485678.4718,1098479.288
BUSLVFLX97,485679.4649,1098479.405
BUSLVFLX98,485679.4158,1098479.897
BUSLVFLX99,485680.4088,1098480.015
BUSLVFLX100,485678.3713,1098480.296
BUSLVFLX101,485679.3657,1098480.401
BUSLVFLX102,485679.3161,1098480.898
BUSLVFLX103,485680.3101,1098481.007
BUSLVFLX104,485678.2701,1098481.311
BUSLVFLX105,485679.266,1098481.401
BUSLVFLX106,485679.2165,1098481.898
BUSLVFLX107,485680.2121,1098481.991
BUSLVFLX108,485744.4119,1098482.084
BUSLVFLX109,485678.1717,1098482.3
BUSLVFLX110,485679.1677,1098482.389
BUSLVFLX111,485842.4722,1098478.753
BUSLVFLX112,485842.1661,1098482.89
BUSLVFLX113,485842.5174,1098482.815
BUSLVFLX114,485679.1174,1098482.894
BUSLVFLX115,485680.1123,1098482.994
BUSLVFLX116,485678.0719,1098483.302
BUSLVFLX117,485679.0683,1098483.387
BUSLVFLX118,485842.1034,1098483.738
BUSLVFLX119,485679.0186,1098483.885
BUSLVFLX120,485680.0138,1098483.983
BUSLVFLX121,485834.0219,1098480.204
BUSLVFLX122,485835.8931,1098484.221
BUSLVFLX123,485835.315,1098484.344
BUSLVFLX124,485836.0478,1098484.553
BUSLVFLX125,485678.9182,1098484.894
BUSLVFLX126,485831.3472,1098485.186
BUSLVFLX127,485826.8562,1098480.755
BUSLVFLX128,485829.4316,1098485.592
BUSLVFLX129,485827.2968,1098486.045
BUSLVFLX130,485825.3029,1098486.276
BUSLVFLX131,485819.1855,1098481.237
BUSLVFLX132,485820.0,1098487.212
BUSLVFLX133,485846.1005,1098488.277
BUSLVFLX134,485809.8441,1098483.269
BUSLVFLX135,485811.2349,1098488.562
BUSLVFLX136,485810.7154,1098488.624
BUSLVFLX137,485807.9318,1098488.954
BUSLVFLX138,485801.0601,1098489.767
BUSLVFLX139,485800.6678,1098483.761
BUSLVFLX140,485800.4799,1098489.836
BUSLVFLX141,485838.8444,1098489.934
BUSLVFLX142,485721.1214,1098490.046
BUSLVFLX143,485825.5803,1098490.337
BUSLVFLX144,485833.529,1098490.43
BUSLVFLX145,485795.0103,1098483.935
BUSLVFLX146,485795.4085,1098490.636
BUSLVFLX147,485719.8567,1098491.014
BUSLVFLX148,485792.8712,1098491.199
BUSLVFLX149,485718.9203,1098491.484
BUSLVFLX150,485829.3591,1098491.498
BUSLVFLX151,485790.7357,1098491.672
BUSLVFLX152,485788.1798,1098492.239
BUSLVFLX153,485785.7545,1098492.776
BUSLVFLX154,485826.907,1098492.891
BUSLVFLX155,485824.5768,1098493.042
BUSLVFLX156,485783.9266,1098493.181
BUSLVFLX157,485782.884,1098485.271
BUSLVFLX158,485782.8765,1098493.287
BUSLVFLX159,485782.1463,1098493.361
BUSLVFLX160,485778.6001,1098493.72
BUSLVFLX161,485776.1589,1098493.967
BUSLVFLX162,485770.6368,1098494.526
BUSLVFLX163,485767.1874,1098494.875
BUSLVFLX164,485801.2074,1098495.184
BUSLVFLX165,485763.6291,1098495.235
BUSLVFLX166,485761.8701,1098495.31
BUSLVFLX167,485815.8712,1098497.809
BUSLVFLX168,485809.4252,1098498.518
BUSLVFLX169,485770.8864,1098501.537
BUSLVFLX170,485796.6534,1098501.565
BUSLVFLX171,485793.1444,1098503.316
BUSLVFLX172,485795.3942,1098503.57
BUSLVFLX173,485789.7634,1098503.77
BUSLVFLX174,485798.2879,1098503.789
BUSLVFLX175,485781.3481,1098504.831
BUSLVFLX176,485784.2038,1098504.979
BUSLVFLX177,485786.8341,1098505.126
BUSLVFLX178,485776.1641,1098505.813
BUSLVFLX179,485772.7826,1098505.817
BUSLVFLX180,485764.6673,1098506.201
BUSLVFLX181,485778.8698,1098506.261
BUSLVFLX182,485767.2975,1098506.349
BUSLVFLX183,485769.7779,1098506.872
BUSLVFLX184,485762.1648,1098510.49
BUSLVFLX185,485659.644,1098491.143
BUSLVFLX186,485671.8743,1098515.139
BUSLVFLX187,485672.5478,1098551.868
BUSLVFLX188,485681.1643,1098556.476
BUSLVFLX189,485719.7529,1098558.522
BUSLVFLX190,485721.0427,1098559.652
BUSLVFLX191,485720.4422,1098558.02
BUSLVFLX192,485721.1381,1098557.564
BUSLVFLX193,485721.7803,1098557.959
BUSLVFLX194,485722.0407,1098558.36
BUSLVFLX195,485722.4117,1098559.023
BUSLVFLX196,485688.3009,1098560.257
BUSLVFLX197,485696.7703,1098564.823
BUSLVFLX198,485678.57,1098565.206
BUSLVFLX199,485703.5872,1098568.469
BUSLVFLX200,485687.2025,1098569.564
BUSLVFLX201,485708.2167,1098570.945
BUSLVFLX202,485693.718,1098574.025
BUSLVFLX203,485714.9942,1098574.57
BUSLVFLX204,485717.0501,1098576.091
BUSLVFLX205,485697.607,1098577.442
BUSLVFLX206,485720.1482,1098578.448
BUSLVFLX207,485725.7314,1098569.213
BUSLVFLX208,485721.4656,1098579.439
BUSLVFLX209,485723.0699,1098580.646
BUSLVFLX210,485725.0645,1098582.146
BUSLVFLX211,485700.3431,1098582.882
BUSLVFLX212,485706.5992,1098583.309
BUSLVFLX213,485728.4489,1098584.692
BUSLVFLX214,485729.5835,1098585.546
BUSLVFLX215,485735.2045,1098577.976
BUSLVFLX216,485732.2608,1098587.56
BUSLVFLX217,485709.7288,1098588.616
BUSLVFLX218,485736.1886,1098590.515
BUSLVFLX219,485713.0554,1098591.314
BUSLVFLX220,485738.5794,1098592.314
BUSLVFLX221,485743.4382,1098585.224
BUSLVFLX222,485719.5097,1098592.705
BUSLVFLX223,485739.7566,1098593.2
BUSLVFLX224,485716.1992,1098593.324
BUSLVFLX225,485727.4956,1098594.921
BUSLVFLX226,485722.7026,1098595.094
BUSLVFLX227,485745.0437,1098597.177
BUSLVFLX228,485725.9052,1098597.381
BUSLVFLX229,485726.7298,1098598.047
BUSLVFLX230,485727.4445,1098598.391
BUSLVFLX231,485728.0359,1098598.63
BUSLVFLX232,485729.9045,1098599.915
BUSLVFLX233,485748.8615,1098600.049
BUSLVFLX234,485753.07,1098603.216
BUSLVFLX235,485735.1462,1098603.221
BUSLVFLX236,485738.6813,1098605.488
BUSLVFLX237,485758.1502,1098607.038
BUSLVFLX238,485763.2959,1098599.916
BUSLVFLX239,485760.5956,1098608.877
BUSLVFLX240,485743.0246,1098609.439
BUSLVFLX241,485764.3338,1098610.409
BUSLVFLX242,485766.6714,1098612.096
BUSLVFLX243,485769.2508,1098608.555
BUSLVFLX244,485749.7022,1098613.766
BUSLVFLX245,485772.195,1098616.083
BUSLVFLX246,485776.3623,1098609.35
BUSLVFLX247,485754.3347,1098617.557
BUSLVFLX248,485774.8891,1098618.028
BUSLVFLX249,485778.9923,1098620.99
BUSLVFLX250,485760.1422,1098621.968
BUSLVFLX251,485767.478,1098626.45
BUSLVFLX252,485787.6878,1098627.489
BUSLVFLX253,485791.036,1098621.954
BUSLVFLX254,485773.0979,1098631.257
BUSLVFLX255,485795.8977,1098633.72
BUSLVFLX256,485802.45,1098638.694
BUSLVFLX257,485807.477,1098643.83
BUSLVFLX258,485786.5274,1098648.592
BUSLVFLX259,485798.8434,1098656.762
BUSLVFLX260,485820.2564,1098656.886
BUSLVFLX261,485830.3752,1098667.224
BUSLVFLX262,485837.0228,1098653.826
BUSLVFLX263,485812.3451,1098667.452
BUSLVFLX264,485833.067,1098669.974
BUSLVFLX265,485836.715,1098673.701
BUSLVFLX266,485825.0727,1098679.768
BUSLVFLX267,485843.555,1098680.513
BUSLVFLX268,485844.2614,1098681.151
BUSLVFLX269,485849.4467,1098666.891
BUSLVFLX270,485848.4,1098684.891
BUSLVFLX271,485829.416,1098685.809
BUSLVFLX272,485850.7406,1098687.005
BUSLVFLX273,485857.6195,1098679.498
BUSLVFLX274,485853.1513,1098689.183
BUSLVFLX275,485866.8806,1098684.685
BUSLVFLX276,485868.0407,1098690.255
BUSLVFLX277,485870.7896,1098687.581
BUSLVFLX278,485873.5236,1098688.808
BUSLVFLX279,485855.1922,1098691.027
BUSLVFLX280,485931.5177,1098559.807
BUSLVFLX281,485834.0882,1098692.572
BUSLVFLX282,485859.514,1098694.932
BUSLVFLX283,485861.1765,1098696.434
BUSLVFLX284,485838.604,1098698.478
BUSLVFLX285,485865.2795,1098700.141
BUSLVFLX286,485844.7585,1098701.919
BUSLVFLX287,485893.9847,1098701.839
BUSLVFLX288,485849.9574,1098707.287
BUSLVFLX289,485873.9535,1098707.978
BUSLVFLX290,485857.1699,1098713.278
BUSLVFLX291,485879.8996,1098713.286
BUSLVFLX292,485889.1473,1098721.327
BUSLVFLX293,485898.3688,1098710.61
BUSLVFLX294,485866.6926,1098721.53
BUSLVFLX295,485876.2329,1098725.1
BUSLVFLX296,485874.0665,1098728.075
BUSLVFLX297,485878.3251,1098728.232
BUSLVFLX298,485876.2366,1098728.796
BUSLVFLX299,485898.4393,1098729.349
BUSLVFLX300,485909.2524,1098718.71
BUSLVFLX301,485879.3464,1098738.571
BUSLVFLX302,485882.6871,1098739.481
BUSLVFLX303,485880.4785,1098737.464
BUSLVFLX304,485868.9716,1098738.598
BUSLVFLX305,485871.8212,1098740.085
BUSLVFLX306,485868.8677,1098741.376
BUSLVFLX307,485917.5988,1098745.431
BUSLVFLX308,485927.6648,1098736.871
BUSLVFLX309,485881.86620936595,1098748.410038832
BUSLVFLX310,485887.6539,1098740.624
BUSLVFLX311,485923.2168,1098750.146
BUSLVFLX312,485925.4189,1098749.271
BUSLVFLX313,485928.5254,1098752.356
BUSLVFLX314,485933.4664,1098744.714
BUSLVFLX315,485932.8153,1098756.617
BUSLVFLX316,485934.4626,1098758.253
BUSLVFLX317,485939.2001,1098752.707
BUSLVFLX318,485870.6038,1098751.225
BUSLVFLX319,485873.8837,1098759.15
BUSLVFLX320,485938.4851,1098762.248
BUSLVFLX321,485939.6082,1098763.364
BUSLVFLX322,485946.2979,1098758.154
BUSLVFLX323,485866.8542,1098756.927
BUSLVFLX324,485870.5041,1098763.697
BUSLVFLX325,485940.4672,1098764.217
BUSLVFLX326,485865.1105,1098758.686
BUSLVFLX327,485869.0867,1098765.604
BUSLVFLX328,485943.7786,1098767.506
BUSLVFLX329,485947.08,1098770.785
BUSLVFLX330,485952.2173,1098762.328
BUSLVFLX331,485951.0064,1098774.685
BUSLVFLX332,485928.4161,1098775.007
BUSLVFLX333,485932.02,1098775.363
BUSLVFLX334,485933.5904,1098775.757
BUSLVFLX335,485962.1404,1098771.935
BUSLVFLX336,485960.6784,1098775.967
BUSLVFLX337,485963.5563,1098773.595
BUSLVFLX338,485854.0503,1098773.666
BUSLVFLX339,485859.8401,1098775.99
BUSLVFLX340,485857.853,1098778.124
BUSLVFLX341,485956.0995,1098779.743
BUSLVFLX342,485930.5866,1098780.798
BUSLVFLX343,485957.4896,1098781.124
BUSLVFLX344,485854.6453,1098781.568
BUSLVFLX345,485851.2496,1098785.215
BUSLVFLX346,485934.5571,1098785.344
BUSLVFLX347,485866.9941,1098788.178
BUSLVFLX348,485966.254,1098789.829
BUSLVFLX349,485969.5448,1098783.05
BUSLVFLX350,485943.0136,1098789.886
BUSLVFLX351,485786.8781,1098789.057
BUSLVFLX352,485788.7771,1098790.529
BUSLVFLX353,485796.2653,1098778.196
BUSLVFLX354,485788.881,1098790.61
BUSLVFLX355,485817.6849,1098788.352
BUSLVFLX356,485817.1552,1098790.693
BUSLVFLX357,485860.8666,1098790.787
BUSLVFLX358,485838.9109,1098784.02
BUSLVFLX359,485846.0132,1098790.838
BUSLVFLX360,485791.4694,1098792.616
BUSLVFLX361,485793.7564,1098794.389
BUSLVFLX362,485971.0165,1098794.559
BUSLVFLX363,485857.5267,1098795.09
BUSLVFLX364,485796.2449,1098796.318
BUSLVFLX365,485805.2136,1098780.571
BUSLVFLX366,485950.1718,1098796.38
BUSLVFLX367,485832.1838,1098790.501
BUSLVFLX368,485840.2181,1098797.062
BUSLVFLX369,485798.4268,1098798.009
BUSLVFLX370,485975.2215,1098798.735
BUSLVFLX371,485784.3888,1098799.337
BUSLVFLX372,485853.7091,1098799.489
BUSLVFLX373,485810.2492,1098797.645
BUSLVFLX374,485812.1647,1098799.586
BUSLVFLX375,485812.7587,1098797.475
BUSLVFLX376,485800.7406,1098799.803
BUSLVFLX377,485781.14,1098799.85
BUSLVFLX378,485787.6753,1098800.428
BUSLVFLX379,485782.8983,1098801.354
BUSLVFLX380,485978.3414,1098801.834
BUSLVFLX381,485978.4166,1098801.909
BUSLVFLX382,485982.5699,1098796.863
BUSLVFLX383,485784.6556,1098801.937
BUSLVFLX384,485790.2546,1098802.414
BUSLVFLX385,485792.5759,1098804.105
BUSLVFLX386,485966.41,1098804.432
BUSLVFLX387,485981.461,1098804.933
BUSLVFLX388,485849.606,1098804.94
BUSLVFLX389,485830.1339,1098795.254
BUSLVFLX390,485832.5284,1098805.319
BUSLVFLX391,485794.7863,1098805.465
BUSLVFLX392,485982.2699,1098805.736
BUSLVFLX393,485987.7427,1098801.667
BUSLVFLX394,485809.7146,1098806.759
BUSLVFLX395,485830.1727,1098807.849
BUSLVFLX396,485984.6477,1098808.098
BUSLVFLX397,485796.6314,1098808.36
BUSLVFLX398,485960.6413,1098809.254
BUSLVFLX399,485850.5933,1098809.645
BUSLVFLX400,485987.2584,1098810.691
BUSLVFLX401,485963.3352,1098811.022
BUSLVFLX402,485970.6993,1098811.776
BUSLVFLX403,485990.2521,1098813.664
BUSLVFLX404,485973.3676,1098813.932
BUSLVFLX405,485692.3499,1098815.775
BUSLVFLX406,485821.9978,1098816.628
BUSLVFLX407,485993.2945,1098816.686
BUSLVFLX408,485976.1636,1098816.849
BUSLVFLX409,485995.3697,1098818.747
BUSLVFLX410,485978.4521,1098820.02
BUSLVFLX411,485980.9939,1098822.684
BUSLVFLX412,485829.4469,1098823.053
BUSLVFLX413,485923.2665,1098820.935
BUSLVFLX414,485925.2372,1098824.746
BUSLVFLX415,485926.9981,1098820.769
BUSLVFLX416,485982.9013,1098825.729
BUSLVFLX417,485984.9478,1098828.859
BUSLVFLX418,485809.6464,1098821.188
BUSLVFLX419,485820.8184,1098829.482
BUSLVFLX420,485827.661,1098823.587
BUSLVFLX421,485837.8718,1098830.319
BUSLVFLX422,485824.8078,1098830.786
BUSLVFLX423,485814.6418,1098834.804
BUSLVFLX424,485866.751,1098833.391
BUSLVFLX425,485864.419,1098834.807
BUSLVFLX426,485843.2853,1098834.989
BUSLVFLX427,485850.2771,1098828.079
BUSLVFLX428,485832.4543,1098836.778
BUSLVFLX429,485866.1258,1098836.804
BUSLVFLX430,485936.6618,1098815.289
BUSLVFLX431,485933.8614,1098838.069
BUSLVFLX432,485801.7472,1098829.249
BUSLVFLX433,485809.6881,1098839.072
BUSLVFLX434,485774.488,1098840.292
BUSLVFLX435,485778.1216,1098840.36
BUSLVFLX436,485775.1105,1098838.507
BUSLVFLX437,485849.6094,1098840.443
BUSLVFLX438,485853.3225,1098835.216
BUSLVFLX439,485696.7748,1098836.013
BUSLVFLX440,485700.529,1098840.861
BUSLVFLX441,485701.8465,1098836.669
BUSLVFLX442,485718.3187,1098838.653
BUSLVFLX443,485719.9959,1098841.66
BUSLVFLX444,485720.6715,1098838.705
BUSLVFLX445,485722.533,1098839.852
BUSLVFLX446,485838.0144,1098841.781
BUSLVFLX447,485774.2221,1098841.898
BUSLVFLX448,485797.538,1098832.132
BUSLVFLX449,485805.8687,1098842.362
BUSLVFLX450,485811.7957,1098843.338
BUSLVFLX451,485929.6531,1098844.507
BUSLVFLX452,485807.7336,1098844.576
BUSLVFLX453,485854.8335,1098844.949
BUSLVFLX454,485793.0487,1098835.576
BUSLVFLX455,485801.675,1098845.975
BUSLVFLX456,485704.615,1098846.138
BUSLVFLX457,485707.0573,1098839.901
BUSLVFLX458,485705.3595,1098847.099
BUSLVFLX459,485804.7968,1098847.372
BUSLVFLX460,485799.2159,1098848.094
BUSLVFLX461,485788.0672,1098838.319
BUSLVFLX462,485797.1064,1098849.912
BUSLVFLX463,485802.3012,1098850.387
BUSLVFLX464,485860.9693,1098850.772
BUSLVFLX465,485708.2528,1098850.835
BUSLVFLX466,485712.2809,1098843.378
BUSLVFLX467,485700.2206,1098851.439
BUSLVFLX468,485794.8064,1098851.893
BUSLVFLX469,485917.3136,1098832.702
BUSLVFLX470,485924.7849,1098851.954
BUSLVFLX471,485695.0195,1098852.496
BUSLVFLX472,485800.0992,1098853.035
BUSLVFLX473,485725.2248,1098850.355
BUSLVFLX474,485727.2736,1098853.172
BUSLVFLX475,485727.4137,1098850.626
BUSLVFLX476,485729.3289,1098850.734
BUSLVFLX477,485843.0517,1098854.272
BUSLVFLX478,485792.0435,1098854.274
BUSLVFLX479,485864.5555,1098854.337
BUSLVFLX480,485912.7175,1098837.141
BUSLVFLX481,485923.1189,1098854.502
BUSLVFLX482,485855.2738,1098855.093
BUSLVFLX483,485852.8535,1098855.318
BUSLVFLX484,485701.0439,1098855.397
BUSLVFLX485,485712.7597,1098856.655
BUSLVFLX486,485841.0906,1098856.947
BUSLVFLX487,485845.0422,1098857.032
BUSLVFLX488,485843.0666,1098857.214
BUSLVFLX489,485867.606,1098857.37
BUSLVFLX490,485853.3425,1098857.446
BUSLVFLX491,486002.9822,1098822.855
BUSLVFLX492,486035.0751,1098857.46
BUSLVFLX493,485910.9343,1098845.41
BUSLVFLX494,485921.0138,1098857.723
BUSLVFLX495,485855.4612,1098858.548
BUSLVFLX496,485787.0171,1098858.604
BUSLVFLX497,485714.4393,1098858.824
BUSLVFLX498,485719.7293,1098849.965
BUSLVFLX499,485706.0995,1098858.942
BUSLVFLX500,485775.76,1098849.838
BUSLVFLX501,485785.1256,1098860.234
BUSLVFLX502,485715.7814,1098860.558
BUSLVFLX503,485722.4706,1098852.771
BUSLVFLX504,485909.6381,1098857.625
BUSLVFLX505,485918.6876,1098861.281
BUSLVFLX506,486039.0158,1098861.428
BUSLVFLX507,485799.4098,1098862.136
BUSLVFLX508,485918.0368,1098862.277
BUSLVFLX509,485717.31,1098862.532
BUSLVFLX510,485782.3685,1098862.609
BUSLVFLX511,485711.4284,1098862.623
BUSLVFLX512,485908.3883,1098862.796
BUSLVFLX513,485861.3129,1098863.152
BUSLVFLX514,485874.0678,1098863.793
BUSLVFLX515,485801.6289,1098864.972
BUSLVFLX516,485797.7936,1098865.065
BUSLVFLX517,485720.6402,1098866.832
BUSLVFLX518,485755.7824,1098865.197
BUSLVFLX519,485759.3641,1098867.139
BUSLVFLX520,485768.3272,1098859.465
BUSLVFLX521,485777.4039,1098867.409
BUSLVFLX522,485714.0281,1098867.81
BUSLVFLX523,485755.5179,1098868.23
BUSLVFLX524,485766.1057,1098861.298
BUSLVFLX525,485775.538,1098869.445
BUSLVFLX526,485864.0936,1098869.316
BUSLVFLX527,485866.3989,1098869.525
BUSLVFLX528,485791.0887,1098869.942
BUSLVFLX529,485880.6214,1098870.308
BUSLVFLX530,486022.5964,1098870.341
BUSLVFLX531,485717.3078,1098870.537
BUSLVFLX532,485723.6591,1098870.731
BUSLVFLX533,485864.8145,1098871.65
BUSLVFLX534,486050.0988,1098872.587
BUSLVFLX535,486059.4829,1098867.067
BUSLVFLX536,485791.2901,1098872.742
BUSLVFLX537,485725.4181,1098873.002
BUSLVFLX538,485793.3419,1098873.008
BUSLVFLX539,485789.1498,1098873.012
BUSLVFLX540,485910.5718,1098873.696
BUSLVFLX541,485720.1787,1098873.948
BUSLVFLX542,485771.1743,1098874.207
BUSLVFLX543,485920.373,1098874.594
BUSLVFLX544,485728.081,1098876.441
BUSLVFLX545,485718.9538,1098877.772
BUSLVFLX546,485888.4368,1098878.077
BUSLVFLX547,485729.7826,1098878.638
BUSLVFLX548,485737.3885,1098866.452
BUSLVFLX549,485906.6723,1098879.661
BUSLVFLX550,485731.8738,1098881.339
BUSLVFLX551,485885.4118,1098881.938
BUSLVFLX552,485753.9476,1098873.452
BUSLVFLX553,485763.1045,1098883.013
BUSLVFLX554,485893.4236,1098883.035
BUSLVFLX555,485876.3788,1098883.667
BUSLVFLX556,485715.7866,1098884.373
BUSLVFLX557,486055.0884,1098884.567
BUSLVFLX558,486064.0847,1098882.3
BUSLVFLX559,485728.3822,1098884.726
BUSLVFLX560,485902.2468,1098886.431
BUSLVFLX561,485735.9915,1098886.656
BUSLVFLX562,485782.6606,1098886.81
BUSLVFLX563,485781.2911,1098885.621
BUSLVFLX564,485788.5876,1098878.99
BUSLVFLX565,485914.5507,1098887.665
BUSLVFLX566,485758.5476,1098887.985
BUSLVFLX567,485784.1152,1098888.153
BUSLVFLX568,485795.7938,1098875.622
BUSLVFLX569,485758.1999,1098888.365
BUSLVFLX570,485757.7414,1098888.865
BUSLVFLX571,485785.379,1098889.162
BUSLVFLX572,485757.2896,1098889.358
BUSLVFLX573,485899.8257,1098889.399
BUSLVFLX574,485774.1836,1098888.992
BUSLVFLX575,485776.1426,1098890.352
BUSLVFLX576,485885.1898,1098890.408
BUSLVFLX577,485767.186,1098890.878
BUSLVFLX578,485730.983,1098891.004
BUSLVFLX579,485773.9769,1098891.134
BUSLVFLX580,485775.2324,1098892.701
BUSLVFLX581,485746.4348,1098874.418
BUSLVFLX582,485754.0304,1098892.915
BUSLVFLX583,485790.94,1098893.954
BUSLVFLX584,485895.8914,1098894.222
BUSLVFLX585,485763.5052,1098894.496
BUSLVFLX586,486059.252,1098894.564
BUSLVFLX587,486073.1895,1098894.802
BUSLVFLX588,485911.4438,1098895.368
BUSLVFLX589,486042.678,1098895.519
BUSLVFLX590,485780.7275,1098895.735
BUSLVFLX591,485761.4951,1098897.811
BUSLVFLX592,485796.3626,1098898.692
BUSLVFLX593,485892.0976,1098898.872
BUSLVFLX594,485797.8898,1098900.026
BUSLVFLX595,485788.3775,1098900.699
BUSLVFLX596,485890.2566,1098901.128
BUSLVFLX597,485877.3237,1098899.776
BUSLVFLX598,485745.705,1098901.999
BUSLVFLX599,485800.6048,1098902.398
BUSLVFLX600,485801.1217,1098902.847
BUSLVFLX601,485887.7762,1098904.169
BUSLVFLX602,485761.7061,1098904.352
BUSLVFLX603,485792.6113,1098904.544
BUSLVFLX604,485877.243,1098903.004
BUSLVFLX605,485887.4142,1098904.613
BUSLVFLX606,485733.7173,1098894.415
BUSLVFLX607,485743.1134,1098904.828
BUSLVFLX608,485863.4998,1098903.263
BUSLVFLX609,485865.3246,1098905.357
BUSLVFLX610,485862.604,1098905.42
BUSLVFLX611,486063.8904,1098905.7
BUSLVFLX612,485904.4485,1098905.956
BUSLVFLX613,485804.9762,1098906.195
BUSLVFLX614,485885.5453,1098906.903
BUSLVFLX615,485760.1724,1098907.342
BUSLVFLX616,485727.1415,1098897.121
BUSLVFLX617,485740.7991,1098907.353
BUSLVFLX618,485763.4903,1098907.395
BUSLVFLX619,485740.682,1098907.481
BUSLVFLX620,485862.9654,1098907.575
BUSLVFLX621,485807.2441,1098908.207
BUSLVFLX622,485821.1996,1098898.222
BUSLVFLX623,485750.1912,1098908.439
BUSLVFLX624,485883.8291,1098909.007
BUSLVFLX625,485829.4279,1098907.258
BUSLVFLX626,485875.0419,1098906.534
BUSLVFLX627,485883.7532,1098909.1
BUSLVFLX628,485900.1651,1098909.575
BUSLVFLX629,485737.9015,1098910.515
BUSLVFLX630,485723.0755,1098902.618
BUSLVFLX631,485726.803,1098911.045
BUSLVFLX632,485728.2509,1098908.524
BUSLVFLX633,485882.119,1098911.103
BUSLVFLX634,485881.9239,1098911.343
BUSLVFLX635,485726.5706,1098911.449
BUSLVFLX636,485812.3001,1098913.126
BUSLVFLX637,485880.2377,1098913.409
BUSLVFLX638,485725.2818,1098913.694
BUSLVFLX639,485867.1856,1098913.671
BUSLVFLX640,485878.7228,1098915.266
BUSLVFLX641,485724.2948,1098915.412
BUSLVFLX642,485898.839,1098916.171
BUSLVFLX643,485802.6525,1098916.227
BUSLVFLX644,485723.5396,1098916.727
BUSLVFLX645,485811.7908,1098916.798
BUSLVFLX646,485866.3063,1098916.17
BUSLVFLX647,485877.2846,1098917.029
BUSLVFLX648,485722.8703,1098917.893
BUSLVFLX649,485876.0311,1098918.566
BUSLVFLX650,485865.6473,1098918.596
BUSLVFLX651,485794.5424,1098918.23
BUSLVFLX652,485796.5632,1098918.699
BUSLVFLX653,485721.8848,1098919.609
BUSLVFLX654,485718.7068,1098908.415
BUSLVFLX655,485721.8029,1098919.752
BUSLVFLX656,485875.0636,1098919.752
BUSLVFLX657,485731.3792,1098919.796
BUSLVFLX658,485706.1396,1098918.204
BUSLVFLX659,485708.6752,1098919.975
BUSLVFLX660,485707.7381,1098917.09
BUSLVFLX661,485705.2375,1098920.222
BUSLVFLX662,485794.0221,1098920.268
BUSLVFLX663,485798.0977,1098920.734
BUSLVFLX664,485730.6011,1098921.096
BUSLVFLX665,485806.3714,1098921.168
BUSLVFLX666,485734.2873,1098921.204
BUSLVFLX667,485796.74,1098921.415
BUSLVFLX668,485795.1728,1098921.521
BUSLVFLX669,485716.6724,1098916.552
BUSLVFLX670,485720.7032,1098921.667
BUSLVFLX671,485898.2133,1098921.714
BUSLVFLX672,485720.4237,1098922.153
BUSLVFLX673,485872.9681,1098922.32
BUSLVFLX674,485729.888,1098922.461
BUSLVFLX675,485804.4045,1098922.754
BUSLVFLX676,485859.6918,1098923.302
BUSLVFLX677,485894.006,1098923.542
BUSLVFLX678,485729.4347,1098923.826
BUSLVFLX679,485871.1772,1098924.516
BUSLVFLX680,485712.8509,1098918.194
BUSLVFLX681,485718.5978,1098925.333
BUSLVFLX682,485811.8944,1098925.486
BUSLVFLX683,485891.4833,1098926.21
BUSLVFLX684,485730.527,1098926.983
BUSLVFLX685,485809.3638,1098928.314
BUSLVFLX686,485815.3293,1098928.52
BUSLVFLX687,485889.1714,1098929.229
BUSLVFLX688,485716.2305,1098929.455
BUSLVFLX689,485696.5514,1098927.951
BUSLVFLX690,485698.1399,1098930.029
BUSLVFLX691,485698.9856,1098927.81
BUSLVFLX692,485794.7351,1098930.551
BUSLVFLX693,485886.1568,1098931.126
BUSLVFLX694,485807.0206,1098932.612
BUSLVFLX695,485883.6332,1098932.953
BUSLVFLX696,485785.2596,1098928.283
BUSLVFLX697,485788.6774,1098935.436
BUSLVFLX698,485820.0888,1098935.815
BUSLVFLX699,485882.0219,1098936.448
BUSLVFLX700,485786.0857,1098937.526
BUSLVFLX701,485710.8977,1098938.741
BUSLVFLX702,485884.9351,1098939.579
BUSLVFLX703,485880.555,1098940.232
BUSLVFLX704,485701.4705,1098934.384
BUSLVFLX705,485709.8763,1098940.52
BUSLVFLX706,485688.8861,1098938.501
BUSLVFLX707,485691.7766,1098940.693
BUSLVFLX708,485691.5907,1098940.749
BUSLVFLX709,485800.411,1098941.23
BUSLVFLX710,485687.9653,1098941.852
BUSLVFLX711,485699.3737,1098935.913
BUSLVFLX712,485708.7923,1098942.407
BUSLVFLX713,485693.2693,1098933.466
BUSLVFLX714,485707.7253,1098944.265
BUSLVFLX715,485774.6903,1098946.715
BUSLVFLX716,485791.7566,1098947.523
BUSLVFLX717,485697.9485,1098941.399
BUSLVFLX718,485705.3814,1098948.347
BUSLVFLX719,485695.947,1098942.927
BUSLVFLX720,485703.1613,1098950.727
BUSLVFLX721,485682.8896,1098949.251
BUSLVFLX722,485686.0111,1098951.443
BUSLVFLX723,485874.8165,1098952.288
BUSLVFLX724,485682.3153,1098952.602
BUSLVFLX725,485701.2484,1098952.778
BUSLVFLX726,485709.967,1098955.377
BUSLVFLX727,485877.3259,1098955.65
BUSLVFLX728,485872.9457,1098956.141
BUSLVFLX729,485729.7736,1098957.95
BUSLVFLX730,485729.9321,1098940.61
BUSLVFLX731,485730.6798,1098958.727
BUSLVFLX732,485733.3051,1098942.799
BUSLVFLX733,485695.5066,1098958.933
BUSLVFLX734,485730.9283,1098958.94
BUSLVFLX735,485731.884,1098959.759
BUSLVFLX736,485735.4988,1098946.654
BUSLVFLX737,485685.0957,1098957.663
BUSLVFLX738,485694.2708,1098960.258
BUSLVFLX739,485837.4716,1098958.527
BUSLVFLX740,485839.3661,1098960.701
BUSLVFLX741,485839.4056,1098958.4
BUSLVFLX742,485733.1311,1098960.829
BUSLVFLX743,485737.2687,1098948.439
BUSLVFLX744,485679.921,1098960.756
BUSLVFLX745,485693.3739,1098961.22
BUSLVFLX746,485692.0237,1098962.667
BUSLVFLX747,485735.6158,1098962.959
BUSLVFLX748,485740.7783,1098951.467
BUSLVFLX749,485676.1897,1098963.398
BUSLVFLX750,485725.5431,1098963.898
BUSLVFLX751,485757.1313,1098963.363
BUSLVFLX752,485754.9213,1098964.872
BUSLVFLX753,485738.5475,1098965.472
BUSLVFLX754,485744.5853,1098954.672
BUSLVFLX755,485828.5866,1098964.245
BUSLVFLX756,485832.3103,1098965.63
BUSLVFLX757,485675.7941,1098965.987
BUSLVFLX758,485828.3379939289,1098965.9400887876
BUSLVFLX759,485756.9682,1098966.353
BUSLVFLX760,485741.1189,1098967.677
BUSLVFLX761,485747.0246,1098957.226
BUSLVFLX762,485688.9262,1098968.348
BUSLVFLX763,485742.1422,1098968.554
BUSLVFLX764,485750.3554,1098959.718
BUSLVFLX765,485728.6201,1098968.597
BUSLVFLX766,485742.8778,1098969.185
BUSLVFLX767,485752.9729,1098962.152
BUSLVFLX768,485743.1263,1098969.398
BUSLVFLX769,485674.015,1098970.056
BUSLVFLX770,485731.9451,1098971.085
BUSLVFLX771,485746.6431,1098972.413
BUSLVFLX772,485734.7159,1098973.353
BUSLVFLX773,485699.343,1098974.357
BUSLVFLX774,485701.6468,1098969.587
BUSLVFLX775,485841.8599,1098935.713
BUSLVFLX776,485849.4849,1098974.829
BUSLVFLX777,485851.7099,1098970.223
BUSLVFLX778,485797.1376,1098974.02
BUSLVFLX779,485798.8142,1098975.097
BUSLVFLX780,485849.0856,1098975.656
BUSLVFLX781,485737.21,1098975.676
BUSLVFLX782,485800.701,1098976.31
BUSLVFLX783,485804.9261,1098969.081
BUSLVFLX784,485848.6631,1098976.53
BUSLVFLX785,485801.1113,1098976.574
BUSLVFLX786,485705.9266,1098978.156
BUSLVFLX787,485739.1164,1098978.196
BUSLVFLX788,485837.5408,1098965.324
BUSLVFLX789,485847.608,1098978.715
BUSLVFLX790,485794.5063,1098979.043
BUSLVFLX791,485737.8229,1098979.385
BUSLVFLX792,485708.4243,1098979.597
BUSLVFLX793,485711.2427,1098974.715
BUSLVFLX794,485805.8535,1098979.622
BUSLVFLX795,485810.3834,1098973.68
BUSLVFLX796,485740.1493,1098980.047
BUSLVFLX797,485860.9968,1098980.15
BUSLVFLX798,485795.9321,1098980.824
BUSLVFLX799,485846.3664,1098981.285
BUSLVFLX800,485808.9045,1098981.583
BUSLVFLX801,485813.834,1098975.367
BUSLVFLX802,485810.5576,1098982.646
BUSLVFLX803,485815.814,1098976.946
BUSLVFLX804,485796.8096,1098982.997
BUSLVFLX805,485714.6779,1098984.501
BUSLVFLX806,485717.2427,1098980.446
BUSLVFLX807,486131.5099,1098986.092
BUSLVFLX808,486105.2692,1098961.651
BUSLVFLX809,485816.245,1098986.302
BUSLVFLX810,485843.9149,1098986.361
BUSLVFLX811,485802.2561,1098986.857
BUSLVFLX812,485849.6701,1098988.586
BUSLVFLX813,485719.199,1098989.284
BUSLVFLX814,485722.4368,1098984.101
BUSLVFLX815,485823.6126,1098989.687
BUSLVFLX816,485825.268,1098983.824
BUSLVFLX817,485823.7662,1098989.728
BUSLVFLX818,485807.128,1098990.124
BUSLVFLX819,485702.9183,1098990.128
BUSLVFLX820,485811.4409,1098993.153
BUSLVFLX821,485840.1872,1098994.079
BUSLVFLX822,485724.3539,1098994.739
BUSLVFLX823,485727.1356,1098988.756
BUSLVFLX824,485725.4715,1098995.921
BUSLVFLX825,486142.3208,1098996.161
BUSLVFLX826,485845.2517,1098996.865
BUSLVFLX827,485850.4622,1098996.357
BUSLVFLX828,485816.7473,1098997.327
BUSLVFLX829,485714.5496,1098999.083
BUSLVFLX830,485849.4593,1098999.179
BUSLVFLX831,485728.7523,1098999.393
BUSLVFLX832,485730.4069,1098995.282
BUSLVFLX833,485730.3854,1099001.121
BUSLVFLX834,485836.6317,1099001.44
BUSLVFLX835,486124.7796,1099002.461
BUSLVFLX836,485733.2345,1099004.135
BUSLVFLX837,485735.8512,1098998.541
BUSLVFLX838,485720.7003,1099004.239
BUSLVFLX839,485845.5762,1099004.891
BUSLVFLX840,486152.7344,1099004.987
BUSLVFLX841,485735.5066,1099006.539
BUSLVFLX842,485737.0198,1099008.141
BUSLVFLX843,485739.8732,1099002.387
BUSLVFLX844,485725.2534,1099009.519
BUSLVFLX845,485740.3056,1099011.617
BUSLVFLX846,485743.8947,1099005.899
BUSLVFLX847,486136.14,1099011.797
BUSLVFLX848,486162.8103,1099012.736
BUSLVFLX849,485770.9877,1099011.018
BUSLVFLX850,485774.0223,1099013.13
BUSLVFLX851,485779.7822,1099003.086
BUSLVFLX852,485774.1705,1099013.234
BUSLVFLX853,485730.2984,1099015.168
BUSLVFLX854,486055.3503,1098948.003
BUSLVFLX855,486058.6363,1099015.242
BUSLVFLX856,486070.793,1099015.55
BUSLVFLX857,485826.8945,1099015.858
BUSLVFLX858,485778.4202,1099016.192
BUSLVFLX859,485744.7061,1099016.273
BUSLVFLX860,485749.1914,1099008.818
BUSLVFLX861,485744.8387,1099016.413
BUSLVFLX862,485817.9236,1099010.545
BUSLVFLX863,485825.9317,1099017.152
BUSLVFLX864,485780.792,1099017.844
BUSLVFLX865,485784.4365,1099007.348
BUSLVFLX866,485844.6492,1099018.232
BUSLVFLX867,485747.0519,1099018.755
BUSLVFLX868,485782.2582,1099018.864
BUSLVFLX869,486147.666,1099019.798
BUSLVFLX870,485784.0462,1099020.109
BUSLVFLX871,485787.6715,1099009.668
BUSLVFLX872,485772.978,1099020.478
BUSLVFLX873,485740.5669,1099021.645
BUSLVFLX874,485776.8746,1099021.701
BUSLVFLX875,485787.585,1099022.573
BUSLVFLX876,485791.1082,1099011.584
BUSLVFLX877,485779.4012,1099022.809
BUSLVFLX878,485781.4632,1099022.975
BUSLVFLX879,485783.0384,1099023.21
BUSLVFLX880,485737.9089,1099024.9
BUSLVFLX881,485791.2867,1099025.15
BUSLVFLX882,485794.1413,1099014.005
BUSLVFLX883,485855.8274,1099025.574
BUSLVFLX884,485786.4756,1099025.631
BUSLVFLX885,485742.6603,1099026.109
BUSLVFLX886,485836.1426,1099026.135
BUSLVFLX887,486059.998,1099026.692
BUSLVFLX888,486181.227,1099026.9
BUSLVFLX889,486187.6302,1099011.87
BUSLVFLX890,486159.5255,1099027.464
BUSLVFLX891,485795.8473,1099028.326
BUSLVFLX892,485797.6208,1099016.052
BUSLVFLX893,485790.0146,1099028.86
BUSLVFLX894,485796.7188,1099028.933
BUSLVFLX895,485853.8993,1099029.258
BUSLVFLX896,485852.6195,1099030.642
BUSLVFLX897,486076.2022,1099030.745
BUSLVFLX898,485853.5478,1099031.346
BUSLVFLX899,485814.835,1099032.067
BUSLVFLX900,485864.7985,1099034.859
BUSLVFLX901,485793.6804,1099036.302
BUSLVFLX902,485823.1703,1099037.372
BUSLVFLX903,485810.1896,1099038.311
BUSLVFLX904,485810.0787,1099038.46
BUSLVFLX905,485861.0366,1099039.042
BUSLVFLX906,485808.8455,1099040.118
BUSLVFLX907,485870.3126,1099040.565
BUSLVFLX908,485804.6017,1099040.852
BUSLVFLX909,486180.0736,1099041.199
BUSLVFLX910,486200.0127,1099041.72
BUSLVFLX911,485807.1107,1099042.45
BUSLVFLX912,485790.1666,1099043.347
BUSLVFLX913,485873.1314,1099043.482
BUSLVFLX914,485867.3122,1099046.953
BUSLVFLX915,486194.1483,1099051.169
BUSLVFLX916,485865.2172,1099051.413
BUSLVFLX917,485827.8316,1099051.781
BUSLVFLX918,485830.8809,1099045.506
BUSLVFLX919,486212.8894,1099051.878
BUSLVFLX920,485867.9797,1099052.455
BUSLVFLX921,486063.3947,1099053.453
BUSLVFLX922,486074.5585,1099055.256
BUSLVFLX923,485833.6771,1099056.167
BUSLVFLX924,485835.521,1099051.375
BUSLVFLX925,486219.4929,1099057.088
BUSLVFLX926,486037.7128,1099057.528
BUSLVFLX927,486042.1521,1099057.993
BUSLVFLX928,486038.9481,1099055.405
BUSLVFLX929,485837.6616,1099059.156
BUSLVFLX930,485841.1728,1099055.356
BUSLVFLX931,486038.2456,1099059.914
BUSLVFLX932,486207.5587,1099060.586
BUSLVFLX933,485836.6645,1099063.017
BUSLVFLX934,485841.0157,1099064.16
BUSLVFLX935,486064.9089,1099064.599
BUSLVFLX936,486047.6109,1099066.128
BUSLVFLX937,486231.5204,1099066.576
BUSLVFLX938,485835.1971,1099067.229
BUSLVFLX939,485840.8546,1099068.978
BUSLVFLX940,485833.8097,1099071.212
BUSLVFLX941,486237.4658,1099071.267
BUSLVFLX942,486245.8649,1099061.95
BUSLVFLX943,486066.0859,1099073.263
BUSLVFLX944,486078.4286,1099070.669
BUSLVFLX945,485839.0323,1099073.797
BUSLVFLX946,485832.6593,1099074.514
BUSLVFLX947,486241.6174,1099074.542
BUSLVFLX948,486046.2191,1099076.649
BUSLVFLX949,486226.932,1099076.944
BUSLVFLX950,485831.4914,1099077.866
BUSLVFLX951,485837.8738,1099077.951
BUSLVFLX952,486246.1262,1099078.099
BUSLVFLX953,486246.3492,1099078.275
BUSLVFLX954,485836.5484,1099081.274
BUSLVFLX955,486067.2252,1099081.649
BUSLVFLX956,486250.8123,1099081.796
BUSLVFLX957,485830.0382,1099082.038
BUSLVFLX958,486235.8416,1099083.427
BUSLVFLX959,486040.6161,1099083.433
BUSLVFLX960,485823.1753,1099083.889
BUSLVFLX961,485832.5144,1099083.986
BUSLVFLX962,485835.4173,1099084.03
BUSLVFLX963,485834.5595,1099085.595
BUSLVFLX964,486241.2863,1099085.637
BUSLVFLX965,485805.7408,1099087.943
BUSLVFLX966,486240.4095,1099088.84
BUSLVFLX967,486042.7261,1099089.509
BUSLVFLX968,486068.3503,1099089.931
BUSLVFLX969,486078.7988,1099089.94
BUSLVFLX970,486263.6527,1099091.926
BUSLVFLX971,486245.312,1099092.559
BUSLVFLX972,485832.255,1099097.88
BUSLVFLX973,485834.0372,1099096.652
BUSLVFLX974,485834.3616,1099097.985
BUSLVFLX975,485833.5554,1099099.48
BUSLVFLX976,485832.506,1099100.168
BUSLVFLX977,486036.1899,1099098.164
BUSLVFLX978,486069.807,1099100.976
BUSLVFLX979,486274.0038,1099101.25
BUSLVFLX980,486257.4813,1099101.729
BUSLVFLX981,486053.7308,1099107.496
BUSLVFLX982,486070.8532,1099108.909
BUSLVFLX983,486270.1653,1099115.743
BUSLVFLX984,486274.0656,1099120.045
BUSLVFLX985,486266.8889,1099120.053
BUSLVFLX986,486072.4542,1099121.049
BUSLVFLX987,486326.046,1099124.694
BUSLVFLX988,486323.6819,1099126.767
BUSLVFLX989,486326.8617,1099126.912
BUSLVFLX990,486306.096,1099128.728
BUSLVFLX991,486313.8886,1099122.382
BUSLVFLX992,486055.3889,1099128.765
BUSLVFLX993,486327.1597,1099129.056
BUSLVFLX994,486073.8887,1099129.972
BUSLVFLX995,486088.1229,1099129.99
BUSLVFLX996,486085.8431,1099131.449
BUSLVFLX997,486088.566,1099131.364
BUSLVFLX998,486088.6167,1099132.886
BUSLVFLX999,486075.253,1099132.957
BUSLVFLX1000,486076.2183,1099130.978
BUSLVFLX1001,486310.7592,1099133.113
BUSLVFLX1002,486076.018,1099134.81
BUSLVFLX1003,486078.2044,1099133.218
BUSLVFLX1004,486055.8636,1099135.777
BUSLVFLX1005,486314.3643,1099136.503
BUSLVFLX1006,486076.8293,1099136.774
BUSLVFLX1007,486317.7421,1099140.026
BUSLVFLX1008,486322.5631,1099134.459
BUSLVFLX1009,486093.3851,1099139.9
BUSLVFLX1010,486091.7587,1099142.009
BUSLVFLX1011,486094.1225,1099140.979
BUSLVFLX1012,486094.3693,1099142.304
BUSLVFLX1013,486094.1254,1099143.826
BUSLVFLX1014,486323.6724,1099146.21
BUSLVFLX1015,486328.2077,1099138.59
BUSLVFLX1016,486081.9485,1099148.032
BUSLVFLX1017,486327.4419,1099150.142
BUSLVFLX1018,486333.0067,1099143.097
BUSLVFLX1019,486306.9479,1099153.407
BUSLVFLX1020,486330.6616,1099153.499
BUSLVFLX1021,486337.5221,1099146.101
BUSLVFLX1022,486336.4367,1099159.522
BUSLVFLX1023,486346.1095,1099148.336
BUSLVFLX1024,486087.3107,1099159.824
BUSLVFLX1025,486100.5079,1099154.898
BUSLVFLX1026,486321.6199,1099164.775
BUSLVFLX1027,486091.081,1099168.116
BUSLVFLX1028,486102.8998,1099165.239
BUSLVFLX1029,486075.1682,1099173.594
BUSLVFLX1030,486093.6835,1099174.986
BUSLVFLX1031,486105.1324,1099174.337
BUSLVFLX1032,486357.5537,1099179.246
BUSLVFLX1033,486365.0481,1099186.043
BUSLVFLX1034,486348.0911,1099189.876
BUSLVFLX1035,486338.8144,1099190.139
BUSLVFLX1036,486370.8578,1099191.262
BUSLVFLX1037,486100.1738,1099191.681
BUSLVFLX1038,486373.0751,1099193.209
BUSLVFLX1039,486374.0796,1099194.092
BUSLVFLX1040,486353.8652,1099194.929
BUSLVFLX1041,486375.1989,1099195.075
BUSLVFLX1042,486375.7954,1099195.605
BUSLVFLX1043,486376.4253,1099196.166
BUSLVFLX1044,486366.3184,1099196.668
BUSLVFLX1045,486377.1723,1099196.831
BUSLVFLX1046,486363.5081,1099197.079
BUSLVFLX1047,486368.5458,1099197.55
BUSLVFLX1048,486085.5466,1099197.799
BUSLVFLX1049,486364.4059,1099198.437
BUSLVFLX1050,486379.3235,1099198.744
BUSLVFLX1051,486350.4477,1099198.345
BUSLVFLX1052,486352.9564,1099199.873
BUSLVFLX1053,486350.3268,1099199.907
BUSLVFLX1054,486351.6451,1099200.819
BUSLVFLX1055,486094.6157,1099202.057
BUSLVFLX1056,486095.2783,1099196.462
BUSLVFLX1057,486361.921,1099203.443
BUSLVFLX1058,486364.552,1099204.755
BUSLVFLX1059,486094.2579,1099205.078
BUSLVFLX1060,486111.354,1099205.49
BUSLVFLX1061,486367.0443,1099205.859
BUSLVFLX1062,486367.6256,1099209.783
BUSLVFLX1063,486093.4754,1099211.686
BUSLVFLX1064,486093.1895,1099214.1
BUSLVFLX1065,486109.1805,1099215.375
BUSLVFLX1066,486092.7801,1099217.557
BUSLVFLX1067,486108.6307,1099219.819
BUSLVFLX1068,486092.4646,1099220.222
BUSLVFLX1069,486482.9334,1099218.409
BUSLVFLX1070,486481.3213,1099223.538
BUSLVFLX1071,486485.49,1099219.377
BUSLVFLX1072,486463.4319,1099221.774
BUSLVFLX1073,486462.5431,1099224.151
BUSLVFLX1074,486107.8363,1099224.437
BUSLVFLX1075,486091.9396,1099224.655
BUSLVFLX1076,486464.6161,1099225.819
BUSLVFLX1077,486472.5257,1099207.979
BUSLVFLX1078,486107.2227,1099228.657
BUSLVFLX1079,486091.3975,1099229.233
BUSLVFLX1080,486469.8835,1099229.984
BUSLVFLX1081,486476.6825,1099213.527
BUSLVFLX1082,486436.8789,1099229.751
BUSLVFLX1083,486458.6081,1099230.136
BUSLVFLX1084,486106.1268,1099232.813
BUSLVFLX1085,486474.7937,1099233.867
BUSLVFLX1086,486090.7585,1099234.629
BUSLVFLX1087,486104.3582,1099238.128
BUSLVFLX1088,486480.3302,1099238.245
BUSLVFLX1089,486438.6165,1099234.801
BUSLVFLX1090,486453.7755,1099238.793
BUSLVFLX1091,486090.2446,1099238.969
BUSLVFLX1092,486435.9693,1099241.037
BUSLVFLX1093,486451.7165,1099243.16
BUSLVFLX1094,486477.1962,1099243.298
BUSLVFLX1095,486465.9123,1099244.23
BUSLVFLX1096,486101.603,1099244.64
BUSLVFLX1097,486495.8758,1099248.244
BUSLVFLX1098,486100.0023,1099249.389
BUSLVFLX1099,486448.708,1099250.465
BUSLVFLX1100,486457.782,1099254.718
BUSLVFLX1101,486097.4752,1099254.844
BUSLVFLX1102,486506.1747,1099255.088
BUSLVFLX1103,486088.1627,1099256.55
BUSLVFLX1104,486432.2335,1099252.09
BUSLVFLX1105,486445.1438,1099257.612
BUSLVFLX1106,486088.0322,1099257.652
BUSLVFLX1107,486509.7491,1099257.863
BUSLVFLX1108,486095.7769,1099260.875
BUSLVFLX1109,486086.2448,1099261.341
BUSLVFLX1110,486514.6499,1099262.746
BUSLVFLX1111,486442.6894,1099263.408
BUSLVFLX1112,486084.7321,1099263.459
BUSLVFLX1113,486516.1729,1099264.397
BUSLVFLX1114,486501.5202,1099264.854
BUSLVFLX1115,486094.9118,1099265.448
BUSLVFLX1116,486082.4575,1099266.645
BUSLVFLX1117,486518.7549,1099266.974
BUSLVFLX1118,486454.2709,1099267.35
BUSLVFLX1119,486440.2344,1099268.649
BUSLVFLX1120,486504.101,1099268.761
BUSLVFLX1121,486521.1382,1099269.221
BUSLVFLX1122,486475.3247,1099267.401
BUSLVFLX1123,486476.9291,1099269.308
BUSLVFLX1124,486474.54,1099269.851
BUSLVFLX1125,486485.5389,1099270.347
BUSLVFLX1126,486522.3301,1099270.476
BUSLVFLX1127,486079.363,1099270.979
BUSLVFLX1128,486498.4136,1099271.834
BUSLVFLX1129,486095.6131,1099271.836
BUSLVFLX1130,486426.3197,1099263.617
BUSLVFLX1131,486438.8092,1099272.063
BUSLVFLX1132,486090.344,1099272.786
BUSLVFLX1133,486514.5013,1099273.13
BUSLVFLX1134,486515.6573,1099274.188
BUSLVFLX1135,486525.7075,1099274.705
BUSLVFLX1136,486483.3154,1099275.191
BUSLVFLX1137,486517.1026,1099275.63
BUSLVFLX1138,486451.897,1099276.718
BUSLVFLX1139,486436.6728,1099277.085
BUSLVFLX1140,486528.8861,1099278.472
BUSLVFLX1141,486525.0596,1099278.531
BUSLVFLX1142,486515.1301,1099279.342
BUSLVFLX1143,486517.8155,1099279.663
BUSLVFLX1144,486520.6402,1099279.599
BUSLVFLX1145,486480.7892,1099280.858
BUSLVFLX1146,486515.6576,1099282.053
BUSLVFLX1147,486520.1185,1099282.573
BUSLVFLX1148,486517.9324,1099282.925
BUSLVFLX1149,486508.1349,1099283.803
BUSLVFLX1150,486489.4195,1099285.098
BUSLVFLX1151,486506.3907,1099285.473
BUSLVFLX1152,486508.9276,1099286.083
BUSLVFLX1153,486102.8031,1099286.446
BUSLVFLX1154,486099.5674,1099275.573
BUSLVFLX1155,486537.7589,1099288.318
BUSLVFLX1156,486065.1826,1099290.841
BUSLVFLX1157,486476.2198,1099291.537
BUSLVFLX1158,486524.5221,1099292.047
BUSLVFLX1159,486543.876,1099292.709
BUSLVFLX1160,486063.1583,1099293.676
BUSLVFLX1161,486545.9849,1099294.673
BUSLVFLX1162,486525.9909,1099294.986
BUSLVFLX1163,486522.0555,1099295.165
BUSLVFLX1164,486532.9163,1099295.298
BUSLVFLX1165,486485.7484,1099295.687
BUSLVFLX1166,486119.3853,1099296.353
BUSLVFLX1167,486127.3971,1099283.498
BUSLVFLX1168,486060.9989,1099296.7
BUSLVFLX1169,486549.6992,1099298.52
BUSLVFLX1170,486059.534,1099298.752
BUSLVFLX1171,486539.4953,1099299.112
BUSLVFLX1172,486462.0384,1099297.945
BUSLVFLX1173,486464.2845,1099299.515
BUSLVFLX1174,486462.099,1099300.989
BUSLVFLX1175,486471.6745,1099302.161
BUSLVFLX1176,486073.0044,1099302.581
BUSLVFLX1177,486134.1441,1099305.171
BUSLVFLX1178,486148.8615,1099295.768
BUSLVFLX1179,486054.9052,1099305.235
BUSLVFLX1180,486070.5786,1099305.593
BUSLVFLX1181,486557.6412,1099306.245
BUSLVFLX1182,486568.8479,1099294.335
BUSLVFLX1183,486482.0777,1099306.737
BUSLVFLX1184,486068.056,1099308.053
BUSLVFLX1185,486459.1553,1099305.876
BUSLVFLX1186,486469.086,1099308.211
BUSLVFLX1187,486560.0871,1099308.536
BUSLVFLX1188,486571.7891,1099298.37
BUSLVFLX1189,486560.9009,1099309.206
BUSLVFLX1190,486561.9429,1099310.274
BUSLVFLX1191,486573.0766,1099300.939
BUSLVFLX1192,486467.5545,1099311.791
BUSLVFLX1193,486563.7569,1099311.973
BUSLVFLX1194,486574.3633,1099302.59
BUSLVFLX1195,486061.236,1099312.428
BUSLVFLX1196,486066.8896,1099312.431
BUSLVFLX1197,486149.4525,1099314.317
BUSLVFLX1198,486566.2925,1099314.349
BUSLVFLX1199,486577.4866,1099305.157
BUSLVFLX1200,486454.4741,1099311.629
BUSLVFLX1201,486466.3426,1099314.623
BUSLVFLX1202,486568.3996,1099316.322
BUSLVFLX1203,486580.4251,1099306.622
BUSLVFLX1204,486480.0169,1099316.75
BUSLVFLX1205,486570.7578,1099318.531
BUSLVFLX1206,486582.0789,1099308.272
BUSLVFLX1207,486446.8696,1099314.954
BUSLVFLX1208,486464.5528,1099318.806
BUSLVFLX1209,486554.2088,1099317.739
BUSLVFLX1210,486556.5738,1099320.106
BUSLVFLX1211,486536.86,1099314.944
BUSLVFLX1212,486542.5751,1099320.341
BUSLVFLX1213,486573.0363,1099320.665
BUSLVFLX1214,486583.5503,1099311.024
BUSLVFLX1215,486575.1871,1099322.679
BUSLVFLX1216,486585.0215,1099313.593
BUSLVFLX1217,486576.9999,1099324.6
BUSLVFLX1218,486587.2273,1099316.528
BUSLVFLX1219,486551.4747,1099325.631
BUSLVFLX1220,486554.8753,1099326.865
BUSLVFLX1221,486579.8191,1099328.364
BUSLVFLX1222,486591.0861,1099320.378
BUSLVFLX1223,486459.3284,1099329.203
BUSLVFLX1224,486580.3757,1099329.791
BUSLVFLX1225,486593.1076,1099322.579
BUSLVFLX1226,486580.8534,1099331.536
BUSLVFLX1227,486581.3304,1099332.725
BUSLVFLX1228,486595.4962,1099324.78
BUSLVFLX1229,486577.1149,1099333.568
BUSLVFLX1230,486529.875,1099331.295
BUSLVFLX1231,486537.8125,1099333.994
BUSLVFLX1232,486549.4783,1099333.661
BUSLVFLX1233,486552.6076,1099334.169
BUSLVFLX1234,486474.2974,1099335.883
BUSLVFLX1235,486582.2063,1099336.134
BUSLVFLX1236,486564.1616,1099336.442
BUSLVFLX1237,486579.6486,1099337.665
BUSLVFLX1238,486582.8425,1099337.878
BUSLVFLX1239,486597.486,1099333.702
BUSLVFLX1240,486559.5248,1099337.975
BUSLVFLX1241,486583.3996,1099339.741
BUSLVFLX1242,486547.1575,1099339.713
BUSLVFLX1243,486550.4897,1099340.982
BUSLVFLX1244,486581.4838,1099341.065
BUSLVFLX1245,486584.6323,1099343.071
BUSLVFLX1246,486558.454,1099344.171
BUSLVFLX1247,486582.1851,1099344.553
BUSLVFLX1248,486545.3942,1099344.741
BUSLVFLX1249,486548.9974,1099345.663
BUSLVFLX1250,486524.6363,1099345.9
BUSLVFLX1251,486534.1612,1099346.694
BUSLVFLX1252,486586.3811,1099347.114
BUSLVFLX1253,486558.5929,1099348.345
BUSLVFLX1254,486582.6257,1099348.914
BUSLVFLX1255,486544.0963,1099349.768
BUSLVFLX1256,486547.3278,1099350.751
BUSLVFLX1257,486586.981,1099352.03
BUSLVFLX1258,486599.2892,1099344.231
BUSLVFLX1259,486555.7697,1099352.656
BUSLVFLX1260,486532.0975,1099353.202
BUSLVFLX1261,486583.608,1099354.189
BUSLVFLX1262,486540.8436,1099354.705
BUSLVFLX1263,486545.4319,1099356.159
BUSLVFLX1264,486555.1025,1099358.582
BUSLVFLX1265,486589.8038,1099359.323
BUSLVFLX1266,486601.6799,1099353.308
BUSLVFLX1267,486542.7842,1099364.734
BUSLVFLX1268,486591.8931,1099365.194
BUSLVFLX1269,486604.3662,1099360.3
BUSLVFLX1270,486541.3816,1099367.699
BUSLVFLX1271,486555.7916,1099368.639
BUSLVFLX1272,486532.7191,1099368.805
BUSLVFLX1273,486594.4169,1099372.245
BUSLVFLX1274,486607.7937,1099364.464
BUSLVFLX1275,486495.028,1099228.733
BUSLVFLX1276,486497.4952,1099228.325
BUSLVFLX1277,486499.9635,1099228.755
BUSLVFLX1278,486499.7176,1099229.469
BUSLVFLX1279,486498.7862,1099226.561
BUSLVFLX1280,486495.9131,1099226.374
BUSLVFLX1281,486495.3269,1099229.605
BUSLVFLX1282,486496.5743,1099230.65
BUSLVFLX1283,486495.3507,1099227.028
BUSLVFLX1284,486497.4975,1099230.825
BUSLVFLX1285,486499.9252,1099227.696
BUSLVFLX1286,486496.8305,1099225.908
BUSLVFLX1287,486495.8461,1099230.21
BUSLVFLX1288,486497.9809,1099230.743
BUSLVFLX1289,485833.7361,1097972.782
BUSLVFLX1290,486495.0366,1099227.822
BUSLVFLX1291,486498.0794,1099225.89
BUSLVFLX1292,486499.6099,1099226.983
BUSLVFLX1293,485972.2386,1098498.713
BUSLVFLX1294,485963.6158,1098492.762
BUSLVFLX1295,485993.7982,1098599.324
BUSLVFLX1296,485994.83,1098607.738
BUSLVFLX1297,485943.7031,1098521.401
BUSLVFLX1298,485926.6269,1098522.623
BUSLVFLX1299,485995.2269,1098618.85
BUSLVFLX1300,486028.6119,1098572.938
BUSLVFLX1301,486037.4225,1098578.574
BUSLVFLX1302,486029.7116,1098516.471
BUSLVFLX1303,485968.1739,1098576.644
BUSLVFLX1304,485966.5863,1098565.928
BUSLVFLX1305,485967.4099,1098503.277
BUSLVFLX1306,486013.6558,1098542.592
BUSLVFLX1307,485994.2883,1098543.666
BUSLVFLX1308,485984.0489,1098530.924
BUSLVFLX1309,485986.3508,1098539.961
BUSLVFLX1310,485990.002,1098562.833
BUSLVFLX1311,485997.7047,1098496.927
BUSLVFLX1312,485987.5429,1098475.965
BUSLVFLX1313,485944.0174,1098559.012
BUSLVFLX1314,485949.8382,1098569.807
BUSLVFLX1315,485965.4551,1098452.655
BUSLVFLX1316,485956.426,1098423.893
BUSLVFLX1317,485930.7202,1098422.487
BUSLVFLX1318,485931.0127,1098423.126
BUSLVFLX1319,485966.7451,1098543.386
BUSLVFLX1320,485918.5773,1098434.702
BUSLVFLX1321,485924.6495,1098438.353
BUSLVFLX1322,485884.3842,1098491.252
BUSLVFLX1323,485884.2475,1098491.19
BUSLVFLX1324,486068.2201,1098559.048
BUSLVFLX1325,486070.0777,1098571.94
BUSLVFLX1326,485932.1541,1098508.106
BUSLVFLX1327,485922.7376,1098515.003
BUSLVFLX1328,486002.45,1098615.675
BUSLVFLX1329,485898.3366,1098480.739
BUSLVFLX1330,485890.7563,1098475.342
BUSLVFLX1331,485887.0256,1098460.499
BUSLVFLX1332,485887.4226,1098467.801
BUSLVFLX1333,486077.2688,1098579.765
BUSLVFLX1334,485933.9432,1098401.537
BUSLVFLX1335,485953.0526,1098410.995
BUSLVFLX1336,485944.0174,1098594.466
BUSLVFLX1337,485964.0199,1098596.265
BUSLVFLX1338,485922.4137,1098431.262
BUSLVFLX1339,485997.7808,1098556.483
BUSLVFLX1340,485920.8431,1098508.33
BUSLVFLX1341,485992.3694,1098591.942
BUSLVFLX1342,485904.8622,1098516.533
BUSLVFLX1343,486035.8809,1098538.782
BUSLVFLX1344,485963.0674,1098606.425
BUSLVFLX1345,485953.7177,1098481.515
BUSLVFLX1346,485960.0439,1098485.714
BUSLVFLX1347,485936.609,1098571.606
BUSLVFLX1348,486013.4038,1098610.675
BUSLVFLX1349,485958.9432,1098510.619
BUSLVFLX1350,485936.7148,1098584.835
BUSLVFLX1351,486070.522,1098583.178
BUSLVFLX1352,486013.0208,1098518.065
BUSLVFLX1353,486017.4994,1098578.336
BUSLVFLX1354,486087.9285,1098574.173
BUSLVFLX1355,486087.5876,1098574.208
BUSLVFLX1356,485931.8726,1098456.397
BUSLVFLX1357,485928.0626,1098445.655
BUSLVFLX1358,485996.8415,1098472.096
BUSLVFLX1359,486051.2338,1098554.841
BUSLVFLX1360,485993.1771,1098524.097
BUSLVFLX1361,485908.8539,1098441.978
BUSLVFLX1362,486038.0101,1098587.259
BUSLVFLX1363,485924.2658,1098463.674
BUSLVFLX1364,485966.8736,1098470.186
BUSLVFLX1365,485966.4838,1098470.336
BUSLVFLX1366,485954.7395,1098437.891
BUSLVFLX1367,486004.6864,1098550.768
BUSLVFLX1368,486016.4128,1098506.217
BUSLVFLX1369,485881.0725,1098464.996
BUSLVFLX1370,485958.0833,1098478.538
BUSLVFLX1371,485975.0656,1098614.802
BUSLVFLX1372,486035.2,1098569.366
BUSLVFLX1373,486044.5663,1098547.935
BUSLVFLX1374,485954.8124,1098550.545
BUSLVFLX1375,485928.3044,1098531.72
BUSLVFLX1376,485956.1882,1098601.662
BUSLVFLX1377,485916.9802,1098511.029
BUSLVFLX1378,486037.4225,1098598.021
BUSLVFLX1379,485977.8576,1098534.972
BUSLVFLX1380,485991.1794,1098491.715
BUSLVFLX1381,485943.5973,1098489.519
BUSLVFLX1382,485983.1619,1098620.041
BUSLVFLX1383,486029.8484,1098531.876
BUSLVFLX1384,485892.8465,1098483.385
BUSLVFLX1385,486045.4394,1098594.132
BUSLVFLX1386,486028.3737,1098602.545
BUSLVFLX1387,485958.5495,1098443.606
BUSLVFLX1388,485929.8919,1098500.922
BUSLVFLX1389,486499.4696,1099229.989
BUSLVFLX1390,486060.362,1098558.81
BUSLVFLX1391,486498.7546,1099230.18
BUSLVFLX1392,485895.4923,1098453.752
BUSLVFLX1393,486001.2594,1098587.18
BUSLVFLX1394,485967.122,1098412.65
BUSLVFLX1395,485951.0089,1098404.316
BUSLVFLX1396,486056.6313,1098588.655
BUSLVFLX1397,485976.5083,1098571.723
BUSLVFLX1398,485935.0248,1098528.651
BUSLVFLX1399,485937.3627,1098452.296
BUSLVFLX1400,485908.5231,1098474.522
